OPR_DT,OPR_HR,TRADING_HUB,RENEWABLE_TYPE,MW,MARKET_RUN_ID
2024-03-16,3,SP15,Wind,93.9526,ACTUAL
2024-03-16,14,SP15,Wind,524.80005,ACTUAL
2024-03-16,1,SP15,Wind,86.06151,ACTUAL
2024-03-16,13,SP15,Wind,867.74446,ACTUAL
2024-03-16,12,SP15,Wind,1019.59094,ACTUAL
2024-03-16,11,SP15,Wind,970.77975,ACTUAL
2024-03-16,10,SP15,Wind,923.26186,ACTUAL
2024-03-16,9,SP15,Wind,702.81751,ACTUAL
2024-03-16,8,SP15,Wind,794.69123,ACTUAL
2024-03-16,7,SP15,Wind,669.53566,ACTUAL
2024-03-16,6,SP15,Wind,461.18109,ACTUAL
2024-03-16,5,SP15,Wind,294.5632,ACTUAL
2024-03-16,4,SP15,Wind,212.3284,ACTUAL
2024-03-16,24,SP15,Wind,1081.48647,ACTUAL
2024-03-16,23,SP15,Wind,859.45876,ACTUAL
2024-03-16,22,SP15,Wind,526.73117,ACTUAL
2024-03-16,21,SP15,Wind,527.00412,ACTUAL
2024-03-16,20,SP15,Wind,499.15122,ACTUAL
2024-03-16,19,SP15,Wind,463.59247,ACTUAL
2024-03-16,18,SP15,Wind,484.00603,ACTUAL
2024-03-16,17,SP15,Wind,450.20578,ACTUAL
2024-03-16,16,SP15,Wind,340.5395,ACTUAL
2024-03-16,15,SP15,Wind,333.06682,ACTUAL
2024-03-16,2,SP15,Wind,44.73634,ACTUAL
2024-03-16,3,SP15,Wind,219.87,DAM
2024-03-16,14,SP15,Wind,827.55,DAM
2024-03-16,1,SP15,Wind,181.85,DAM
2024-03-16,13,SP15,Wind,663.18,DAM
2024-03-16,12,SP15,Wind,552.6,DAM
2024-03-16,11,SP15,Wind,449.51,DAM
2024-03-16,10,SP15,Wind,339.44,DAM
2024-03-16,9,SP15,Wind,283.36,DAM
2024-03-16,8,SP15,Wind,264.85,DAM
2024-03-16,7,SP15,Wind,253.36,DAM
2024-03-16,6,SP15,Wind,262.47,DAM
2024-03-16,5,SP15,Wind,254.62,DAM
2024-03-16,4,SP15,Wind,226.03,DAM
2024-03-16,24,SP15,Wind,1025.52,DAM
2024-03-16,23,SP15,Wind,1015.35,DAM
2024-03-16,22,SP15,Wind,989.56,DAM
2024-03-16,21,SP15,Wind,1040.78,DAM
2024-03-16,20,SP15,Wind,1236.17,DAM
2024-03-16,19,SP15,Wind,1410.98,DAM
2024-03-16,18,SP15,Wind,1420.36,DAM
2024-03-16,17,SP15,Wind,1340.97,DAM
2024-03-16,16,SP15,Wind,1202.28,DAM
2024-03-16,15,SP15,Wind,1023.07,DAM
2024-03-16,2,SP15,Wind,214.71,DAM
2024-03-17,3,SP15,Wind,97.37021,ACTUAL
2024-03-17,14,SP15,Wind,70.02591,ACTUAL
2024-03-17,1,SP15,Wind,488.92722,ACTUAL
2024-03-17,13,SP15,Wind,22.27025,ACTUAL
2024-03-17,12,SP15,Wind,-10.46555,ACTUAL
2024-03-17,11,SP15,Wind,55.70954,ACTUAL
2024-03-17,10,SP15,Wind,191.89443,ACTUAL
2024-03-17,9,SP15,Wind,330.58994,ACTUAL
2024-03-17,8,SP15,Wind,342.59127,ACTUAL
2024-03-17,7,SP15,Wind,353.828,ACTUAL
2024-03-17,6,SP15,Wind,253.42243,ACTUAL
2024-03-17,5,SP15,Wind,120.62794,ACTUAL
2024-03-17,4,SP15,Wind,113.73543,ACTUAL
2024-03-17,24,SP15,Wind,204.33216,ACTUAL
2024-03-17,23,SP15,Wind,243.75652,ACTUAL
2024-03-17,22,SP15,Wind,274.74274,ACTUAL
2024-03-17,21,SP15,Wind,264.13525,ACTUAL
2024-03-17,20,SP15,Wind,234.37928,ACTUAL
2024-03-17,19,SP15,Wind,130.74765,ACTUAL
2024-03-17,18,SP15,Wind,9.75434,ACTUAL
2024-03-17,17,SP15,Wind,-15.82052,ACTUAL
2024-03-17,16,SP15,Wind,0.71507,ACTUAL
2024-03-17,15,SP15,Wind,48.68006,ACTUAL
2024-03-17,2,SP15,Wind,167.89733,ACTUAL
2024-03-17,3,SP15,Wind,591.88,DAM
2024-03-17,14,SP15,Wind,109.42,DAM
2024-03-17,1,SP15,Wind,658.54,DAM
2024-03-17,13,SP15,Wind,114.15,DAM
2024-03-17,12,SP15,Wind,130.16,DAM
2024-03-17,11,SP15,Wind,188.09,DAM
2024-03-17,10,SP15,Wind,287.48,DAM
2024-03-17,9,SP15,Wind,384.19,DAM
2024-03-17,8,SP15,Wind,444.47,DAM
2024-03-17,7,SP15,Wind,480.16,DAM
2024-03-17,6,SP15,Wind,497.58,DAM
2024-03-17,5,SP15,Wind,507.94,DAM
2024-03-17,4,SP15,Wind,531.48,DAM
2024-03-17,24,SP15,Wind,183.38,DAM
2024-03-17,23,SP15,Wind,215.56,DAM
2024-03-17,22,SP15,Wind,239.9,DAM
2024-03-17,21,SP15,Wind,264.63,DAM
2024-03-17,20,SP15,Wind,287.12,DAM
2024-03-17,19,SP15,Wind,271.48,DAM
2024-03-17,18,SP15,Wind,212.93,DAM
2024-03-17,17,SP15,Wind,153.01,DAM
2024-03-17,16,SP15,Wind,128.12,DAM
2024-03-17,15,SP15,Wind,113.55,DAM
2024-03-17,2,SP15,Wind,652.41,DAM
2024-03-18,3,SP15,Wind,242.76495,ACTUAL
2024-03-18,14,SP15,Wind,933.3573,ACTUAL
2024-03-18,1,SP15,Wind,183.87708,ACTUAL
2024-03-18,13,SP15,Wind,1185.1931,ACTUAL
2024-03-18,12,SP15,Wind,787.29675,ACTUAL
2024-03-18,11,SP15,Wind,472.14088,ACTUAL
2024-03-18,10,SP15,Wind,334.73413,ACTUAL
2024-03-18,9,SP15,Wind,343.63225,ACTUAL
2024-03-18,8,SP15,Wind,297.95186,ACTUAL
2024-03-18,7,SP15,Wind,285.06519,ACTUAL
2024-03-18,6,SP15,Wind,278.63777,ACTUAL
2024-03-18,5,SP15,Wind,305.24828,ACTUAL
2024-03-18,4,SP15,Wind,252.57933,ACTUAL
2024-03-18,24,SP15,Wind,200.3139,ACTUAL
2024-03-18,23,SP15,Wind,192.80482,ACTUAL
2024-03-18,22,SP15,Wind,144.86099,ACTUAL
2024-03-18,21,SP15,Wind,510.82186,ACTUAL
2024-03-18,20,SP15,Wind,680.57499,ACTUAL
2024-03-18,19,SP15,Wind,728.03028,ACTUAL
2024-03-18,18,SP15,Wind,506.62073,ACTUAL
2024-03-18,17,SP15,Wind,346.95252,ACTUAL
2024-03-18,16,SP15,Wind,537.06478,ACTUAL
2024-03-18,15,SP15,Wind,519.35536,ACTUAL
2024-03-18,2,SP15,Wind,306.33743,ACTUAL
2024-03-18,3,SP15,Wind,319.04,DAM
2024-03-18,14,SP15,Wind,641.67,DAM
2024-03-18,1,SP15,Wind,363.51,DAM
2024-03-18,13,SP15,Wind,606.6,DAM
2024-03-18,12,SP15,Wind,516.35,DAM
2024-03-18,11,SP15,Wind,346.61,DAM
2024-03-18,10,SP15,Wind,218.4,DAM
2024-03-18,9,SP15,Wind,188.29,DAM
2024-03-18,8,SP15,Wind,195.05,DAM
2024-03-18,7,SP15,Wind,218.38,DAM
2024-03-18,6,SP15,Wind,242.87,DAM
2024-03-18,5,SP15,Wind,272.52,DAM
2024-03-18,4,SP15,Wind,299.54,DAM
2024-03-18,24,SP15,Wind,212.55,DAM
2024-03-18,23,SP15,Wind,190.81,DAM
2024-03-18,22,SP15,Wind,200.3,DAM
2024-03-18,21,SP15,Wind,245.25,DAM
2024-03-18,20,SP15,Wind,326.07,DAM
2024-03-18,19,SP15,Wind,405.85,DAM
2024-03-18,18,SP15,Wind,490.63,DAM
2024-03-18,17,SP15,Wind,578.81,DAM
2024-03-18,16,SP15,Wind,632.2,DAM
2024-03-18,15,SP15,Wind,647.71,DAM
2024-03-18,2,SP15,Wind,338.42,DAM
2024-03-19,3,SP15,Wind,501.0159,ACTUAL
2024-03-19,14,SP15,Wind,144.06327,ACTUAL
2024-03-19,1,SP15,Wind,193.49537,ACTUAL
2024-03-19,13,SP15,Wind,93.81693,ACTUAL
2024-03-19,12,SP15,Wind,68.02367,ACTUAL
2024-03-19,11,SP15,Wind,74.6492,ACTUAL
2024-03-19,10,SP15,Wind,311.57935,ACTUAL
2024-03-19,9,SP15,Wind,724.5889,ACTUAL
2024-03-19,8,SP15,Wind,1170.73354,ACTUAL
2024-03-19,7,SP15,Wind,1319.74824,ACTUAL
2024-03-19,6,SP15,Wind,1009.86892,ACTUAL
2024-03-19,5,SP15,Wind,694.76632,ACTUAL
2024-03-19,4,SP15,Wind,483.4445,ACTUAL
2024-03-19,24,SP15,Wind,1260.89604,ACTUAL
2024-03-19,23,SP15,Wind,1150.16296,ACTUAL
2024-03-19,22,SP15,Wind,1341.05061,ACTUAL
2024-03-19,21,SP15,Wind,1576.63628,ACTUAL
2024-03-19,20,SP15,Wind,1502.43212,ACTUAL
2024-03-19,19,SP15,Wind,1076.12407,ACTUAL
2024-03-19,18,SP15,Wind,730.47476,ACTUAL
2024-03-19,17,SP15,Wind,419.52402,ACTUAL
2024-03-19,16,SP15,Wind,304.56206,ACTUAL
2024-03-19,15,SP15,Wind,255.47334,ACTUAL
2024-03-19,2,SP15,Wind,350.94484,ACTUAL
2024-03-19,3,SP15,Wind,316.62,DAM
2024-03-19,14,SP15,Wind,435.17,DAM
2024-03-19,1,SP15,Wind,192.13,DAM
2024-03-19,13,SP15,Wind,342.08,DAM
2024-03-19,12,SP15,Wind,310.4,DAM
2024-03-19,11,SP15,Wind,351.32,DAM
2024-03-19,10,SP15,Wind,446.59,DAM
2024-03-19,9,SP15,Wind,527.75,DAM
2024-03-19,8,SP15,Wind,584.68,DAM
2024-03-19,7,SP15,Wind,597.44,DAM
2024-03-19,6,SP15,Wind,556.51,DAM
2024-03-19,5,SP15,Wind,480.43,DAM
2024-03-19,4,SP15,Wind,396.23,DAM
2024-03-19,24,SP15,Wind,2335.08,DAM
2024-03-19,23,SP15,Wind,2226.16,DAM
2024-03-19,22,SP15,Wind,2137.15,DAM
2024-03-19,21,SP15,Wind,2104.4,DAM
2024-03-19,20,SP15,Wind,2052.62,DAM
2024-03-19,19,SP15,Wind,1941.61,DAM
2024-03-19,18,SP15,Wind,1689.77,DAM
2024-03-19,17,SP15,Wind,1261.88,DAM
2024-03-19,16,SP15,Wind,861.86,DAM
2024-03-19,15,SP15,Wind,595.11,DAM
2024-03-19,2,SP15,Wind,246.59,DAM
2024-03-20,3,SP15,Wind,1993.05106,ACTUAL
2024-03-20,14,SP15,Wind,1511.49287,ACTUAL
2024-03-20,1,SP15,Wind,1374.27393,ACTUAL
2024-03-20,13,SP15,Wind,1239.79447,ACTUAL
2024-03-20,12,SP15,Wind,1215.04237,ACTUAL
2024-03-20,11,SP15,Wind,1455.27012,ACTUAL
2024-03-20,10,SP15,Wind,1360.69078,ACTUAL
2024-03-20,9,SP15,Wind,1643.66943,ACTUAL
2024-03-20,8,SP15,Wind,2018.61039,ACTUAL
2024-03-20,7,SP15,Wind,2234.89434,ACTUAL
2024-03-20,6,SP15,Wind,2271.7824,ACTUAL
2024-03-20,5,SP15,Wind,2353.77791,ACTUAL
2024-03-20,4,SP15,Wind,2269.85338,ACTUAL
2024-03-20,24,SP15,Wind,2763.83778,ACTUAL
2024-03-20,23,SP15,Wind,2922.03746,ACTUAL
2024-03-20,22,SP15,Wind,3031.10209,ACTUAL
2024-03-20,21,SP15,Wind,3182.68311,ACTUAL
2024-03-20,20,SP15,Wind,3095.24052,ACTUAL
2024-03-20,19,SP15,Wind,2960.51185,ACTUAL
2024-03-20,18,SP15,Wind,2669.19706,ACTUAL
2024-03-20,17,SP15,Wind,2105.28967,ACTUAL
2024-03-20,16,SP15,Wind,1972.9003,ACTUAL
2024-03-20,15,SP15,Wind,1707.63356,ACTUAL
2024-03-20,2,SP15,Wind,1574.00668,ACTUAL
2024-03-20,3,SP15,Wind,2237.28,DAM
2024-03-20,14,SP15,Wind,1538.83,DAM
2024-03-20,1,SP15,Wind,1962.84,DAM
2024-03-20,13,SP15,Wind,1258.49,DAM
2024-03-20,12,SP15,Wind,1160.88,DAM
2024-03-20,11,SP15,Wind,1208.28,DAM
2024-03-20,10,SP15,Wind,1378.25,DAM
2024-03-20,9,SP15,Wind,1652.31,DAM
2024-03-20,8,SP15,Wind,1882.11,DAM
2024-03-20,7,SP15,Wind,2030.26,DAM
2024-03-20,6,SP15,Wind,2167.8,DAM
2024-03-20,5,SP15,Wind,2253.84,DAM
2024-03-20,4,SP15,Wind,2273.04,DAM
2024-03-20,24,SP15,Wind,2780.83,DAM
2024-03-20,23,SP15,Wind,2815.61,DAM
2024-03-20,22,SP15,Wind,2879.12,DAM
2024-03-20,21,SP15,Wind,2959.73,DAM
2024-03-20,20,SP15,Wind,2993.9,DAM
2024-03-20,19,SP15,Wind,2960.0,DAM
2024-03-20,18,SP15,Wind,2861.14,DAM
2024-03-20,17,SP15,Wind,2678.53,DAM
2024-03-20,16,SP15,Wind,2402.65,DAM
2024-03-20,15,SP15,Wind,1983.22,DAM
2024-03-20,2,SP15,Wind,2130.12,DAM
2024-03-21,3,SP15,Wind,2727.35896,ACTUAL
2024-03-21,14,SP15,Wind,1722.95799,ACTUAL
2024-03-21,1,SP15,Wind,2830.95541,ACTUAL
2024-03-21,13,SP15,Wind,1523.7968,ACTUAL
2024-03-21,12,SP15,Wind,1498.49293,ACTUAL
2024-03-21,11,SP15,Wind,1530.45462,ACTUAL
2024-03-21,10,SP15,Wind,1567.89689,ACTUAL
2024-03-21,9,SP15,Wind,1631.36999,ACTUAL
2024-03-21,8,SP15,Wind,1718.36555,ACTUAL
2024-03-21,7,SP15,Wind,1865.32412,ACTUAL
2024-03-21,6,SP15,Wind,2248.14277,ACTUAL
2024-03-21,5,SP15,Wind,2415.84155,ACTUAL
2024-03-21,4,SP15,Wind,2624.14831,ACTUAL
2024-03-21,24,SP15,Wind,2539.86898,ACTUAL
2024-03-21,23,SP15,Wind,2643.24117,ACTUAL
2024-03-21,22,SP15,Wind,2602.88392,ACTUAL
2024-03-21,21,SP15,Wind,2555.75407,ACTUAL
2024-03-21,20,SP15,Wind,2773.27189,ACTUAL
2024-03-21,19,SP15,Wind,2666.71079,ACTUAL
2024-03-21,18,SP15,Wind,2538.17373,ACTUAL
2024-03-21,17,SP15,Wind,2288.93992,ACTUAL
2024-03-21,16,SP15,Wind,2170.85967,ACTUAL
2024-03-21,15,SP15,Wind,1896.359,ACTUAL
2024-03-21,2,SP15,Wind,2765.98734,ACTUAL
2024-03-21,3,SP15,Wind,2874.12,DAM
2024-03-21,14,SP15,Wind,2321.25,DAM
2024-03-21,1,SP15,Wind,2953.83,DAM
2024-03-21,13,SP15,Wind,2104.8,DAM
2024-03-21,12,SP15,Wind,1950.36,DAM
2024-03-21,11,SP15,Wind,1872.22,DAM
2024-03-21,10,SP15,Wind,1931.43,DAM
2024-03-21,9,SP15,Wind,2117.69,DAM
2024-03-21,8,SP15,Wind,2275.25,DAM
2024-03-21,7,SP15,Wind,2410.1,DAM
2024-03-21,6,SP15,Wind,2582.85,DAM
2024-03-21,5,SP15,Wind,2720.58,DAM
2024-03-21,4,SP15,Wind,2804.28,DAM
2024-03-21,24,SP15,Wind,2406.66,DAM
2024-03-21,23,SP15,Wind,2466.11,DAM
2024-03-21,22,SP15,Wind,2522.94,DAM
2024-03-21,21,SP15,Wind,2604.22,DAM
2024-03-21,20,SP15,Wind,2721.78,DAM
2024-03-21,19,SP15,Wind,2872.66,DAM
2024-03-21,18,SP15,Wind,2971.05,DAM
2024-03-21,17,SP15,Wind,2929.88,DAM
2024-03-21,16,SP15,Wind,2776.59,DAM
2024-03-21,15,SP15,Wind,2560.55,DAM
2024-03-21,2,SP15,Wind,2926.14,DAM
2024-03-22,2,SP15,Wind,1853.88865,ACTUAL
2024-03-22,1,SP15,Wind,2239.03463,ACTUAL
2024-03-22,3,SP15,Wind,1770.1455,ACTUAL
2024-03-22,20,SP15,Wind,1000.17272,ACTUAL
2024-03-22,4,SP15,Wind,1847.33595,ACTUAL
2024-03-22,16,SP15,Wind,1399.01161,ACTUAL
2024-03-22,5,SP15,Wind,1754.56956,ACTUAL
2024-03-22,21,SP15,Wind,1068.09156,ACTUAL
2024-03-22,6,SP15,Wind,1119.47569,ACTUAL
2024-03-22,18,SP15,Wind,1295.20101,ACTUAL
2024-03-22,7,SP15,Wind,916.71925,ACTUAL
2024-03-22,22,SP15,Wind,1143.56739,ACTUAL
2024-03-22,8,SP15,Wind,942.4575,ACTUAL
2024-03-22,15,SP15,Wind,1415.59584,ACTUAL
2024-03-22,9,SP15,Wind,512.07423,ACTUAL
2024-03-22,23,SP15,Wind,1008.53647,ACTUAL
2024-03-22,10,SP15,Wind,431.77747,ACTUAL
2024-03-22,19,SP15,Wind,1027.42884,ACTUAL
2024-03-22,11,SP15,Wind,675.38002,ACTUAL
2024-03-22,17,SP15,Wind,1168.44855,ACTUAL
2024-03-22,13,SP15,Wind,991.10668,ACTUAL
2024-03-22,24,SP15,Wind,946.82441,ACTUAL
2024-03-22,14,SP15,Wind,1257.62102,ACTUAL
2024-03-22,3,SP15,Wind,1626.39,DAM
2024-03-22,14,SP15,Wind,1039.79,DAM
2024-03-22,1,SP15,Wind,2078.72,DAM
2024-03-22,13,SP15,Wind,839.36,DAM
2024-03-22,12,SP15,Wind,687.72,DAM
2024-03-22,11,SP15,Wind,597.35,DAM
2024-03-22,10,SP15,Wind,636.27,DAM
2024-03-22,9,SP15,Wind,805.2,DAM
2024-03-22,8,SP15,Wind,936.35,DAM
2024-03-22,7,SP15,Wind,1052.45,DAM
2024-03-22,6,SP15,Wind,1180.35,DAM
2024-03-22,5,SP15,Wind,1270.35,DAM
2024-03-22,4,SP15,Wind,1403.36,DAM
2024-03-22,24,SP15,Wind,1403.13,DAM
2024-03-22,23,SP15,Wind,1326.63,DAM
2024-03-22,22,SP15,Wind,1266.65,DAM
2024-03-22,21,SP15,Wind,1257.43,DAM
2024-03-22,20,SP15,Wind,1284.26,DAM
2024-03-22,19,SP15,Wind,1361.29,DAM
2024-03-22,18,SP15,Wind,1449.86,DAM
2024-03-22,17,SP15,Wind,1477.39,DAM
2024-03-22,16,SP15,Wind,1392.78,DAM
2024-03-22,15,SP15,Wind,1240.34,DAM
2024-03-22,2,SP15,Wind,1886.85,DAM
2024-03-23,3,SP15,Wind,1393.76792,ACTUAL
2024-03-23,14,SP15,Wind,2806.0774,ACTUAL
2024-03-23,1,SP15,Wind,1152.64829,ACTUAL
2024-03-23,13,SP15,Wind,2516.54536,ACTUAL
2024-03-23,12,SP15,Wind,2302.00402,ACTUAL
2024-03-23,11,SP15,Wind,2235.02924,ACTUAL
2024-03-23,10,SP15,Wind,2041.03251,ACTUAL
2024-03-23,9,SP15,Wind,1662.79209,ACTUAL
2024-03-23,8,SP15,Wind,1370.69554,ACTUAL
2024-03-23,7,SP15,Wind,1475.2356,ACTUAL
2024-03-23,6,SP15,Wind,1548.18006,ACTUAL
2024-03-23,5,SP15,Wind,1380.00477,ACTUAL
2024-03-23,4,SP15,Wind,1328.77613,ACTUAL
2024-03-23,24,SP15,Wind,3375.67021,ACTUAL
2024-03-23,23,SP15,Wind,3517.42293,ACTUAL
2024-03-23,22,SP15,Wind,3113.48775,ACTUAL
2024-03-23,21,SP15,Wind,3078.97736,ACTUAL
2024-03-23,20,SP15,Wind,3191.75291,ACTUAL
2024-03-23,19,SP15,Wind,3503.63521,ACTUAL
2024-03-23,18,SP15,Wind,3473.94917,ACTUAL
2024-03-23,17,SP15,Wind,3174.89966,ACTUAL
2024-03-23,16,SP15,Wind,3252.58686,ACTUAL
2024-03-23,15,SP15,Wind,3032.60993,ACTUAL
2024-03-23,2,SP15,Wind,1416.9796,ACTUAL
2024-03-23,3,SP15,Wind,1723.11,DAM
2024-03-23,14,SP15,Wind,2648.1,DAM
2024-03-23,1,SP15,Wind,1607.64,DAM
2024-03-23,13,SP15,Wind,2416.11,DAM
2024-03-23,12,SP15,Wind,2132.15,DAM
2024-03-23,11,SP15,Wind,1854.77,DAM
2024-03-23,10,SP15,Wind,1629.47,DAM
2024-03-23,9,SP15,Wind,1491.42,DAM
2024-03-23,8,SP15,Wind,1422.28,DAM
2024-03-23,7,SP15,Wind,1413.35,DAM
2024-03-23,6,SP15,Wind,1452.32,DAM
2024-03-23,5,SP15,Wind,1504.82,DAM
2024-03-23,4,SP15,Wind,1639.88,DAM
2024-03-23,24,SP15,Wind,2967.93,DAM
2024-03-23,23,SP15,Wind,2926.77,DAM
2024-03-23,22,SP15,Wind,2886.3,DAM
2024-03-23,21,SP15,Wind,2888.3,DAM
2024-03-23,20,SP15,Wind,2954.56,DAM
2024-03-23,19,SP15,Wind,2931.18,DAM
2024-03-23,18,SP15,Wind,2840.65,DAM
2024-03-23,17,SP15,Wind,2894.49,DAM
2024-03-23,16,SP15,Wind,2900.1,DAM
2024-03-23,15,SP15,Wind,2813.92,DAM
2024-03-23,2,SP15,Wind,1691.38,DAM
2024-03-24,3,SP15,Wind,3008.75479,ACTUAL
2024-03-24,14,SP15,Wind,2460.51711,ACTUAL
2024-03-24,1,SP15,Wind,3068.93168,ACTUAL
2024-03-24,13,SP15,Wind,2241.16657,ACTUAL
2024-03-24,12,SP15,Wind,1966.91399,ACTUAL
2024-03-24,11,SP15,Wind,1961.3167,ACTUAL
2024-03-24,10,SP15,Wind,1778.82506,ACTUAL
2024-03-24,9,SP15,Wind,1942.41694,ACTUAL
2024-03-24,8,SP15,Wind,2487.8346,ACTUAL
2024-03-24,7,SP15,Wind,2959.65969,ACTUAL
2024-03-24,6,SP15,Wind,3159.02436,ACTUAL
2024-03-24,5,SP15,Wind,3040.91863,ACTUAL
2024-03-24,4,SP15,Wind,3039.35642,ACTUAL
2024-03-24,24,SP15,Wind,3382.66644,ACTUAL
2024-03-24,23,SP15,Wind,3537.37316,ACTUAL
2024-03-24,22,SP15,Wind,3562.32965,ACTUAL
2024-03-24,21,SP15,Wind,3602.14229,ACTUAL
2024-03-24,20,SP15,Wind,3472.5868,ACTUAL
2024-03-24,19,SP15,Wind,3583.92471,ACTUAL
2024-03-24,18,SP15,Wind,3374.83708,ACTUAL
2024-03-24,17,SP15,Wind,3063.04515,ACTUAL
2024-03-24,16,SP15,Wind,2994.10106,ACTUAL
2024-03-24,15,SP15,Wind,2480.8822,ACTUAL
2024-03-24,2,SP15,Wind,3171.09657,ACTUAL
2024-03-24,3,SP15,Wind,2961.72,DAM
2024-03-24,14,SP15,Wind,3094.95,DAM
2024-03-24,1,SP15,Wind,2970.34,DAM
2024-03-24,13,SP15,Wind,2943.0,DAM
2024-03-24,12,SP15,Wind,2790.41,DAM
2024-03-24,11,SP15,Wind,2652.4,DAM
2024-03-24,10,SP15,Wind,2552.99,DAM
2024-03-24,9,SP15,Wind,2471.32,DAM
2024-03-24,8,SP15,Wind,2459.28,DAM
2024-03-24,7,SP15,Wind,2521.71,DAM
2024-03-24,6,SP15,Wind,2738.7,DAM
2024-03-24,5,SP15,Wind,2880.29,DAM
2024-03-24,4,SP15,Wind,2949.48,DAM
2024-03-24,24,SP15,Wind,3512.48,DAM
2024-03-24,23,SP15,Wind,3534.22,DAM
2024-03-24,22,SP15,Wind,3508.72,DAM
2024-03-24,21,SP15,Wind,3432.04,DAM
2024-03-24,20,SP15,Wind,3334.86,DAM
2024-03-24,19,SP15,Wind,3329.1,DAM
2024-03-24,18,SP15,Wind,3380.85,DAM
2024-03-24,17,SP15,Wind,3333.76,DAM
2024-03-24,16,SP15,Wind,3327.64,DAM
2024-03-24,15,SP15,Wind,3269.92,DAM
2024-03-24,2,SP15,Wind,2964.29,DAM
2024-03-25,3,SP15,Wind,3245.73474,ACTUAL
2024-03-25,14,SP15,Wind,1748.13651,ACTUAL
2024-03-25,1,SP15,Wind,3169.8124,ACTUAL
2024-03-25,13,SP15,Wind,1933.96748,ACTUAL
2024-03-25,12,SP15,Wind,1734.18027,ACTUAL
2024-03-25,11,SP15,Wind,1860.26639,ACTUAL
2024-03-25,10,SP15,Wind,2050.74613,ACTUAL
2024-03-25,9,SP15,Wind,2239.28035,ACTUAL
2024-03-25,8,SP15,Wind,2623.32991,ACTUAL
2024-03-25,7,SP15,Wind,2966.36789,ACTUAL
2024-03-25,6,SP15,Wind,2852.49995,ACTUAL
2024-03-25,5,SP15,Wind,3079.69199,ACTUAL
2024-03-25,4,SP15,Wind,3172.22336,ACTUAL
2024-03-25,24,SP15,Wind,2898.52851,ACTUAL
2024-03-25,23,SP15,Wind,2908.17698,ACTUAL
2024-03-25,22,SP15,Wind,3081.50288,ACTUAL
2024-03-25,21,SP15,Wind,3130.60731,ACTUAL
2024-03-25,20,SP15,Wind,2932.27976,ACTUAL
2024-03-25,19,SP15,Wind,3022.92404,ACTUAL
2024-03-25,18,SP15,Wind,2798.26608,ACTUAL
2024-03-25,17,SP15,Wind,2393.72829,ACTUAL
2024-03-25,16,SP15,Wind,2249.94861,ACTUAL
2024-03-25,15,SP15,Wind,1806.02592,ACTUAL
2024-03-25,2,SP15,Wind,3079.77216,ACTUAL
2024-03-25,3,SP15,Wind,3345.35,DAM
2024-03-25,14,SP15,Wind,3001.23,DAM
2024-03-25,1,SP15,Wind,3458.14,DAM
2024-03-25,13,SP15,Wind,2805.9,DAM
2024-03-25,12,SP15,Wind,2625.36,DAM
2024-03-25,11,SP15,Wind,2525.23,DAM
2024-03-25,10,SP15,Wind,2502.05,DAM
2024-03-25,9,SP15,Wind,2558.99,DAM
2024-03-25,8,SP15,Wind,2633.07,DAM
2024-03-25,7,SP15,Wind,2764.37,DAM
2024-03-25,6,SP15,Wind,2997.89,DAM
2024-03-25,5,SP15,Wind,3151.94,DAM
2024-03-25,4,SP15,Wind,3273.27,DAM
2024-03-25,24,SP15,Wind,3255.9,DAM
2024-03-25,23,SP15,Wind,3253.47,DAM
2024-03-25,22,SP15,Wind,3258.26,DAM
2024-03-25,21,SP15,Wind,3275.56,DAM
2024-03-25,20,SP15,Wind,3279.87,DAM
2024-03-25,19,SP15,Wind,3251.27,DAM
2024-03-25,18,SP15,Wind,3185.86,DAM
2024-03-25,17,SP15,Wind,3208.22,DAM
2024-03-25,16,SP15,Wind,3191.89,DAM
2024-03-25,15,SP15,Wind,3133.88,DAM
2024-03-25,2,SP15,Wind,3407.33,DAM
2024-03-26,2,SP15,Wind,3384.03768,ACTUAL
2024-03-26,1,SP15,Wind,3052.7528,ACTUAL
2024-03-26,13,SP15,Wind,1956.71227,ACTUAL
2024-03-26,11,SP15,Wind,2229.65864,ACTUAL
2024-03-26,10,SP15,Wind,2358.46027,ACTUAL
2024-03-26,9,SP15,Wind,2501.70004,ACTUAL
2024-03-26,8,SP15,Wind,2595.2491,ACTUAL
2024-03-26,7,SP15,Wind,3047.46951,ACTUAL
2024-03-26,6,SP15,Wind,3311.53789,ACTUAL
2024-03-26,5,SP15,Wind,3474.45156,ACTUAL
2024-03-26,4,SP15,Wind,3471.06668,ACTUAL
2024-03-26,3,SP15,Wind,3460.36445,ACTUAL
2024-03-26,24,SP15,Wind,3049.08749,ACTUAL
2024-03-26,23,SP15,Wind,2775.07327,ACTUAL
2024-03-26,22,SP15,Wind,2579.7738,ACTUAL
2024-03-26,21,SP15,Wind,2493.61188,ACTUAL
2024-03-26,20,SP15,Wind,2522.66725,ACTUAL
2024-03-26,19,SP15,Wind,2589.20202,ACTUAL
2024-03-26,18,SP15,Wind,2581.36221,ACTUAL
2024-03-26,17,SP15,Wind,2288.58708,ACTUAL
2024-03-26,16,SP15,Wind,2105.094,ACTUAL
2024-03-26,15,SP15,Wind,2049.50333,ACTUAL
2024-03-26,14,SP15,Wind,2141.51547,ACTUAL
2024-03-26,3,SP15,Wind,3392.99,DAM
2024-03-26,15,SP15,Wind,3110.5,DAM
2024-03-26,1,SP15,Wind,3324.97,DAM
2024-03-26,14,SP15,Wind,2994.24,DAM
2024-03-26,13,SP15,Wind,2848.45,DAM
2024-03-26,12,SP15,Wind,2802.85,DAM
2024-03-26,11,SP15,Wind,2891.97,DAM
2024-03-26,10,SP15,Wind,2982.73,DAM
2024-03-26,9,SP15,Wind,2998.49,DAM
2024-03-26,8,SP15,Wind,3011.19,DAM
2024-03-26,7,SP15,Wind,3096.17,DAM
2024-03-26,6,SP15,Wind,3264.95,DAM
2024-03-26,5,SP15,Wind,3345.1,DAM
2024-03-26,4,SP15,Wind,3384.8,DAM
2024-03-26,24,SP15,Wind,2805.59,DAM
2024-03-26,23,SP15,Wind,2950.57,DAM
2024-03-26,22,SP15,Wind,3049.51,DAM
2024-03-26,21,SP15,Wind,3114.63,DAM
2024-03-26,20,SP15,Wind,3176.98,DAM
2024-03-26,19,SP15,Wind,3230.28,DAM
2024-03-26,18,SP15,Wind,3224.74,DAM
2024-03-26,17,SP15,Wind,3245.4,DAM
2024-03-26,16,SP15,Wind,3197.01,DAM
2024-03-26,2,SP15,Wind,3367.74,DAM
2024-03-27,22,SP15,Wind,1388.00041,ACTUAL
2024-03-27,10,SP15,Wind,253.96081,ACTUAL
2024-03-27,24,SP15,Wind,1472.76792,ACTUAL
2024-03-27,12,SP15,Wind,182.99558,ACTUAL
2024-03-27,13,SP15,Wind,196.44016,ACTUAL
2024-03-27,14,SP15,Wind,256.78733,ACTUAL
2024-03-27,16,SP15,Wind,544.90985,ACTUAL
2024-03-27,15,SP15,Wind,372.94086,ACTUAL
2024-03-27,17,SP15,Wind,870.83061,ACTUAL
2024-03-27,18,SP15,Wind,1082.30303,ACTUAL
2024-03-27,20,SP15,Wind,1163.49311,ACTUAL
2024-03-27,19,SP15,Wind,1234.7844,ACTUAL
2024-03-27,21,SP15,Wind,1394.52557,ACTUAL
2024-03-27,1,SP15,Wind,2821.43595,ACTUAL
2024-03-27,3,SP15,Wind,1860.48591,ACTUAL
2024-03-27,2,SP15,Wind,2554.06331,ACTUAL
2024-03-27,4,SP15,Wind,1620.7033,ACTUAL
2024-03-27,5,SP15,Wind,1908.2343,ACTUAL
2024-03-27,7,SP15,Wind,1623.31499,ACTUAL
2024-03-27,6,SP15,Wind,1717.50926,ACTUAL
2024-03-27,8,SP15,Wind,1369.02285,ACTUAL
2024-03-27,9,SP15,Wind,640.21014,ACTUAL
2024-03-27,11,SP15,Wind,197.05683,ACTUAL
2024-03-27,23,SP15,Wind,1395.55215,ACTUAL
2024-03-27,22,SP15,Wind,1448.67,DAM
2024-03-27,12,SP15,Wind,101.78,DAM
2024-03-27,24,SP15,Wind,1495.0,DAM
2024-03-27,11,SP15,Wind,116.24,DAM
2024-03-27,13,SP15,Wind,161.11,DAM
2024-03-27,14,SP15,Wind,319.0,DAM
2024-03-27,16,SP15,Wind,897.48,DAM
2024-03-27,15,SP15,Wind,580.61,DAM
2024-03-27,17,SP15,Wind,1148.83,DAM
2024-03-27,18,SP15,Wind,1261.9,DAM
2024-03-27,19,SP15,Wind,1291.71,DAM
2024-03-27,21,SP15,Wind,1395.93,DAM
2024-03-27,20,SP15,Wind,1327.27,DAM
2024-03-27,1,SP15,Wind,2670.11,DAM
2024-03-27,3,SP15,Wind,2222.02,DAM
2024-03-27,2,SP15,Wind,2458.47,DAM
2024-03-27,4,SP15,Wind,1937.04,DAM
2024-03-27,5,SP15,Wind,1644.2,DAM
2024-03-27,6,SP15,Wind,1372.93,DAM
2024-03-27,8,SP15,Wind,812.74,DAM
2024-03-27,7,SP15,Wind,1082.06,DAM
2024-03-27,9,SP15,Wind,521.0,DAM
2024-03-27,10,SP15,Wind,248.04,DAM
2024-03-27,23,SP15,Wind,1476.97,DAM
2024-03-28,22,SP15,Wind,2891.37178,ACTUAL
2024-03-28,11,SP15,Wind,1474.44962,ACTUAL
2024-03-28,23,SP15,Wind,2851.2615,ACTUAL
2024-03-28,12,SP15,Wind,1484.2072,ACTUAL
2024-03-28,13,SP15,Wind,1555.37306,ACTUAL
2024-03-28,15,SP15,Wind,1603.78042,ACTUAL
2024-03-28,14,SP15,Wind,1529.43467,ACTUAL
2024-03-28,16,SP15,Wind,1620.9195,ACTUAL
2024-03-28,17,SP15,Wind,2101.86023,ACTUAL
2024-03-28,19,SP15,Wind,2233.22996,ACTUAL
2024-03-28,18,SP15,Wind,2276.69693,ACTUAL
2024-03-28,20,SP15,Wind,2183.05998,ACTUAL
2024-03-28,21,SP15,Wind,2461.87893,ACTUAL
2024-03-28,1,SP15,Wind,1706.99909,ACTUAL
2024-03-28,2,SP15,Wind,1651.10919,ACTUAL
2024-03-28,3,SP15,Wind,1923.82845,ACTUAL
2024-03-28,4,SP15,Wind,2183.48462,ACTUAL
2024-03-28,6,SP15,Wind,2143.10779,ACTUAL
2024-03-28,5,SP15,Wind,2397.52335,ACTUAL
2024-03-28,7,SP15,Wind,1742.01942,ACTUAL
2024-03-28,8,SP15,Wind,1757.85434,ACTUAL
2024-03-28,10,SP15,Wind,1397.03532,ACTUAL
2024-03-28,9,SP15,Wind,1604.34,ACTUAL
2024-03-28,24,SP15,Wind,2828.55278,ACTUAL
2024-03-28,22,SP15,Wind,2616.35,DAM
2024-03-28,10,SP15,Wind,1678.15,DAM
2024-03-28,23,SP15,Wind,2676.61,DAM
2024-03-28,12,SP15,Wind,2271.84,DAM
2024-03-28,13,SP15,Wind,2501.26,DAM
2024-03-28,15,SP15,Wind,2656.53,DAM
2024-03-28,14,SP15,Wind,2594.28,DAM
2024-03-28,16,SP15,Wind,2732.09,DAM
2024-03-28,17,SP15,Wind,2724.03,DAM
2024-03-28,18,SP15,Wind,2657.71,DAM
2024-03-28,20,SP15,Wind,2489.99,DAM
2024-03-28,19,SP15,Wind,2566.42,DAM
2024-03-28,21,SP15,Wind,2519.01,DAM
2024-03-28,1,SP15,Wind,1453.25,DAM
2024-03-28,2,SP15,Wind,1562.64,DAM
2024-03-28,3,SP15,Wind,1713.37,DAM
2024-03-28,4,SP15,Wind,1862.78,DAM
2024-03-28,6,SP15,Wind,1861.16,DAM
2024-03-28,5,SP15,Wind,1911.08,DAM
2024-03-28,7,SP15,Wind,1709.5,DAM
2024-03-28,8,SP15,Wind,1537.25,DAM
2024-03-28,9,SP15,Wind,1503.2,DAM
2024-03-28,11,SP15,Wind,1977.27,DAM
2024-03-28,24,SP15,Wind,2634.48,DAM
2024-03-29,23,SP15,Wind,1725.73831,ACTUAL
2024-03-29,13,SP15,Wind,1193.64349,ACTUAL
2024-03-29,21,SP15,Wind,1541.29447,ACTUAL
2024-03-29,12,SP15,Wind,1163.6535,ACTUAL
2024-03-29,11,SP15,Wind,1129.19667,ACTUAL
2024-03-29,10,SP15,Wind,1081.0295,ACTUAL
2024-03-29,17,SP15,Wind,1665.22392,ACTUAL
2024-03-29,16,SP15,Wind,1349.04736,ACTUAL
2024-03-29,15,SP15,Wind,1215.56383,ACTUAL
2024-03-29,14,SP15,Wind,1169.58358,ACTUAL
2024-03-29,20,SP15,Wind,1623.67958,ACTUAL
2024-03-29,19,SP15,Wind,1805.38958,ACTUAL
2024-03-29,18,SP15,Wind,1893.26437,ACTUAL
2024-03-29,24,SP15,Wind,1642.98781,ACTUAL
2024-03-29,2,SP15,Wind,2333.13724,ACTUAL
2024-03-29,1,SP15,Wind,2444.18479,ACTUAL
2024-03-29,6,SP15,Wind,1966.45904,ACTUAL
2024-03-29,5,SP15,Wind,2125.73331,ACTUAL
2024-03-29,4,SP15,Wind,2045.58308,ACTUAL
2024-03-29,3,SP15,Wind,2118.88647,ACTUAL
2024-03-29,9,SP15,Wind,1276.55342,ACTUAL
2024-03-29,8,SP15,Wind,1823.6722,ACTUAL
2024-03-29,7,SP15,Wind,1878.92036,ACTUAL
2024-03-29,22,SP15,Wind,1580.1559,ACTUAL
2024-03-29,3,SP15,Wind,2387.84,DAM
2024-03-29,2,SP15,Wind,2642.44,DAM
2024-03-29,1,SP15,Wind,2882.63,DAM
2024-03-29,6,SP15,Wind,1890.88,DAM
2024-03-29,5,SP15,Wind,2091.84,DAM
2024-03-29,4,SP15,Wind,2232.84,DAM
2024-03-29,10,SP15,Wind,1303.04,DAM
2024-03-29,9,SP15,Wind,1330.64,DAM
2024-03-29,8,SP15,Wind,1477.22,DAM
2024-03-29,7,SP15,Wind,1677.09,DAM
2024-03-29,13,SP15,Wind,1727.5,DAM
2024-03-29,12,SP15,Wind,1556.09,DAM
2024-03-29,11,SP15,Wind,1402.56,DAM
2024-03-29,17,SP15,Wind,2069.42,DAM
2024-03-29,16,SP15,Wind,2081.6,DAM
2024-03-29,15,SP15,Wind,2028.18,DAM
2024-03-29,14,SP15,Wind,1902.19,DAM
2024-03-29,20,SP15,Wind,1663.3,DAM
2024-03-29,19,SP15,Wind,1823.44,DAM
2024-03-29,18,SP15,Wind,1986.1,DAM
2024-03-29,24,SP15,Wind,1526.79,DAM
2024-03-29,23,SP15,Wind,1556.13,DAM
2024-03-29,22,SP15,Wind,1576.73,DAM
2024-03-29,21,SP15,Wind,1595.64,DAM
2024-03-30,21,SP15,Wind,818.8529,ACTUAL
2024-03-30,11,SP15,Wind,922.84251,ACTUAL
2024-03-30,24,SP15,Wind,703.20984,ACTUAL
2024-03-30,12,SP15,Wind,1032.98384,ACTUAL
2024-03-30,13,SP15,Wind,1022.29109,ACTUAL
2024-03-30,14,SP15,Wind,1056.84926,ACTUAL
2024-03-30,15,SP15,Wind,1012.23105,ACTUAL
2024-03-30,16,SP15,Wind,993.73555,ACTUAL
2024-03-30,17,SP15,Wind,1013.66354,ACTUAL
2024-03-30,18,SP15,Wind,835.20424,ACTUAL
2024-03-30,19,SP15,Wind,853.34309,ACTUAL
2024-03-30,20,SP15,Wind,853.1235,ACTUAL
2024-03-30,22,SP15,Wind,789.09462,ACTUAL
2024-03-30,1,SP15,Wind,1255.44515,ACTUAL
2024-03-30,2,SP15,Wind,1100.45154,ACTUAL
2024-03-30,3,SP15,Wind,828.87712,ACTUAL
2024-03-30,4,SP15,Wind,772.18179,ACTUAL
2024-03-30,5,SP15,Wind,619.98076,ACTUAL
2024-03-30,6,SP15,Wind,546.88791,ACTUAL
2024-03-30,8,SP15,Wind,546.91557,ACTUAL
2024-03-30,7,SP15,Wind,605.99759,ACTUAL
2024-03-30,9,SP15,Wind,597.07047,ACTUAL
2024-03-30,10,SP15,Wind,567.31302,ACTUAL
2024-03-30,23,SP15,Wind,768.7285,ACTUAL
2024-03-30,23,SP15,Wind,1005.57,DAM
2024-03-30,24,SP15,Wind,972.95,DAM
2024-03-30,13,SP15,Wind,1172.37,DAM
2024-03-30,12,SP15,Wind,966.09,DAM
2024-03-30,14,SP15,Wind,1348.74,DAM
2024-03-30,15,SP15,Wind,1439.35,DAM
2024-03-30,16,SP15,Wind,1402.25,DAM
2024-03-30,17,SP15,Wind,1315.76,DAM
2024-03-30,18,SP15,Wind,1240.82,DAM
2024-03-30,19,SP15,Wind,1157.33,DAM
2024-03-30,20,SP15,Wind,1088.58,DAM
2024-03-30,21,SP15,Wind,1058.57,DAM
2024-03-30,22,SP15,Wind,1036.63,DAM
2024-03-30,1,SP15,Wind,1687.9,DAM
2024-03-30,2,SP15,Wind,1581.33,DAM
2024-03-30,4,SP15,Wind,1099.8,DAM
2024-03-30,3,SP15,Wind,1361.51,DAM
2024-03-30,5,SP15,Wind,884.13,DAM
2024-03-30,6,SP15,Wind,740.22,DAM
2024-03-30,7,SP15,Wind,649.96,DAM
2024-03-30,8,SP15,Wind,578.45,DAM
2024-03-30,9,SP15,Wind,551.62,DAM
2024-03-30,10,SP15,Wind,584.43,DAM
2024-03-30,11,SP15,Wind,735.75,DAM
2024-03-31,22,SP15,Wind,723.4478,ACTUAL
2024-03-31,10,SP15,Wind,323.083,ACTUAL
2024-03-31,24,SP15,Wind,633.59984,ACTUAL
2024-03-31,12,SP15,Wind,388.00714,ACTUAL
2024-03-31,13,SP15,Wind,560.87335,ACTUAL
2024-03-31,14,SP15,Wind,534.48607,ACTUAL
2024-03-31,16,SP15,Wind,951.41624,ACTUAL
2024-03-31,15,SP15,Wind,682.93324,ACTUAL
2024-03-31,17,SP15,Wind,961.4802,ACTUAL
2024-03-31,18,SP15,Wind,1093.10137,ACTUAL
2024-03-31,20,SP15,Wind,708.99516,ACTUAL
2024-03-31,19,SP15,Wind,1027.7801,ACTUAL
2024-03-31,21,SP15,Wind,672.52743,ACTUAL
2024-03-31,2,SP15,Wind,676.4633,ACTUAL
2024-03-31,1,SP15,Wind,665.7374,ACTUAL
2024-03-31,3,SP15,Wind,598.43935,ACTUAL
2024-03-31,4,SP15,Wind,562.09918,ACTUAL
2024-03-31,5,SP15,Wind,591.44991,ACTUAL
2024-03-31,7,SP15,Wind,444.2356,ACTUAL
2024-03-31,6,SP15,Wind,523.18664,ACTUAL
2024-03-31,8,SP15,Wind,397.13711,ACTUAL
2024-03-31,9,SP15,Wind,380.11591,ACTUAL
2024-03-31,11,SP15,Wind,326.16885,ACTUAL
2024-03-31,23,SP15,Wind,731.63057,ACTUAL
2024-03-31,10,SP15,Wind,328.44,DAM
2024-03-31,9,SP15,Wind,322.81,DAM
2024-03-31,8,SP15,Wind,342.8,DAM
2024-03-31,6,SP15,Wind,498.49,DAM
2024-03-31,7,SP15,Wind,409.26,DAM
2024-03-31,5,SP15,Wind,581.7,DAM
2024-03-31,4,SP15,Wind,676.34,DAM
2024-03-31,2,SP15,Wind,813.18,DAM
2024-03-31,3,SP15,Wind,755.81,DAM
2024-03-31,1,SP15,Wind,891.11,DAM
2024-03-31,20,SP15,Wind,950.05,DAM
2024-03-31,21,SP15,Wind,889.53,DAM
2024-03-31,19,SP15,Wind,1010.36,DAM
2024-03-31,18,SP15,Wind,1067.65,DAM
2024-03-31,17,SP15,Wind,1030.18,DAM
2024-03-31,15,SP15,Wind,730.31,DAM
2024-03-31,16,SP15,Wind,889.44,DAM
2024-03-31,14,SP15,Wind,592.3,DAM
2024-03-31,13,SP15,Wind,455.88,DAM
2024-03-31,11,SP15,Wind,336.1,DAM
2024-03-31,24,SP15,Wind,648.14,DAM
2024-03-31,23,SP15,Wind,743.21,DAM
2024-03-31,12,SP15,Wind,366.11,DAM
2024-03-31,22,SP15,Wind,809.65,DAM
2024-04-01,23,SP15,Wind,1766.33903,ACTUAL
2024-04-01,12,SP15,Wind,422.55505,ACTUAL
2024-04-01,24,SP15,Wind,1452.7858,ACTUAL
2024-04-01,11,SP15,Wind,371.06996,ACTUAL
2024-04-01,13,SP15,Wind,467.1497,ACTUAL
2024-04-01,15,SP15,Wind,409.84677,ACTUAL
2024-04-01,14,SP15,Wind,378.82797,ACTUAL
2024-04-01,16,SP15,Wind,545.74509,ACTUAL
2024-04-01,17,SP15,Wind,884.28576,ACTUAL
2024-04-01,19,SP15,Wind,1532.75591,ACTUAL
2024-04-01,18,SP15,Wind,1250.98312,ACTUAL
2024-04-01,20,SP15,Wind,1991.29486,ACTUAL
2024-04-01,21,SP15,Wind,2262.58955,ACTUAL
2024-04-01,1,SP15,Wind,652.80813,ACTUAL
2024-04-01,3,SP15,Wind,152.13592,ACTUAL
2024-04-01,2,SP15,Wind,290.90173,ACTUAL
2024-04-01,4,SP15,Wind,156.02121,ACTUAL
2024-04-01,5,SP15,Wind,184.854,ACTUAL
2024-04-01,7,SP15,Wind,239.30432,ACTUAL
2024-04-01,6,SP15,Wind,187.94206,ACTUAL
2024-04-01,8,SP15,Wind,222.71629,ACTUAL
2024-04-01,9,SP15,Wind,209.0024,ACTUAL
2024-04-01,10,SP15,Wind,300.02482,ACTUAL
2024-04-01,22,SP15,Wind,2120.92083,ACTUAL
2024-04-01,22,SP15,Wind,2087.18,DAM
2024-04-01,12,SP15,Wind,225.03,DAM
2024-04-01,23,SP15,Wind,1805.73,DAM
2024-04-01,11,SP15,Wind,201.84,DAM
2024-04-01,13,SP15,Wind,227.95,DAM
2024-04-01,15,SP15,Wind,400.17,DAM
2024-04-01,14,SP15,Wind,253.11,DAM
2024-04-01,16,SP15,Wind,732.9,DAM
2024-04-01,17,SP15,Wind,1246.26,DAM
2024-04-01,19,SP15,Wind,2068.27,DAM
2024-04-01,18,SP15,Wind,1731.36,DAM
2024-04-01,20,SP15,Wind,2302.56,DAM
2024-04-01,21,SP15,Wind,2299.63,DAM
2024-04-01,1,SP15,Wind,493.58,DAM
2024-04-01,3,SP15,Wind,288.61,DAM
2024-04-01,2,SP15,Wind,348.2,DAM
2024-04-01,4,SP15,Wind,275.74,DAM
2024-04-01,5,SP15,Wind,244.31,DAM
2024-04-01,6,SP15,Wind,204.63,DAM
2024-04-01,8,SP15,Wind,150.45,DAM
2024-04-01,7,SP15,Wind,174.28,DAM
2024-04-01,9,SP15,Wind,152.43,DAM
2024-04-01,10,SP15,Wind,174.07,DAM
2024-04-01,24,SP15,Wind,1530.1,DAM
2024-04-02,22,SP15,Wind,965.95189,ACTUAL
2024-04-02,11,SP15,Wind,307.03312,ACTUAL
2024-04-02,24,SP15,Wind,1077.95839,ACTUAL
2024-04-02,12,SP15,Wind,358.29844,ACTUAL
2024-04-02,13,SP15,Wind,297.64637,ACTUAL
2024-04-02,14,SP15,Wind,199.7051,ACTUAL
2024-04-02,15,SP15,Wind,157.33549,ACTUAL
2024-04-02,16,SP15,Wind,129.84644,ACTUAL
2024-04-02,17,SP15,Wind,136.79638,ACTUAL
2024-04-02,18,SP15,Wind,213.38377,ACTUAL
2024-04-02,19,SP15,Wind,439.18157,ACTUAL
2024-04-02,20,SP15,Wind,663.34611,ACTUAL
2024-04-02,21,SP15,Wind,802.13257,ACTUAL
2024-04-02,1,SP15,Wind,1362.12151,ACTUAL
2024-04-02,2,SP15,Wind,1364.85024,ACTUAL
2024-04-02,3,SP15,Wind,869.15453,ACTUAL
2024-04-02,4,SP15,Wind,733.94146,ACTUAL
2024-04-02,5,SP15,Wind,529.49372,ACTUAL
2024-04-02,6,SP15,Wind,417.57489,ACTUAL
2024-04-02,8,SP15,Wind,249.37556,ACTUAL
2024-04-02,7,SP15,Wind,342.41872,ACTUAL
2024-04-02,9,SP15,Wind,227.45295,ACTUAL
2024-04-02,10,SP15,Wind,232.51879,ACTUAL
2024-04-02,23,SP15,Wind,1196.51131,ACTUAL
2024-04-02,22,SP15,Wind,1085.16,DAM
2024-04-02,11,SP15,Wind,253.12,DAM
2024-04-02,24,SP15,Wind,1139.24,DAM
2024-04-02,13,SP15,Wind,276.53,DAM
2024-04-02,12,SP15,Wind,283.97,DAM
2024-04-02,14,SP15,Wind,239.11,DAM
2024-04-02,15,SP15,Wind,202.74,DAM
2024-04-02,16,SP15,Wind,196.87,DAM
2024-04-02,17,SP15,Wind,258.43,DAM
2024-04-02,18,SP15,Wind,412.43,DAM
2024-04-02,19,SP15,Wind,584.88,DAM
2024-04-02,20,SP15,Wind,749.52,DAM
2024-04-02,21,SP15,Wind,946.11,DAM
2024-04-02,1,SP15,Wind,1385.79,DAM
2024-04-02,2,SP15,Wind,1142.77,DAM
2024-04-02,3,SP15,Wind,915.81,DAM
2024-04-02,4,SP15,Wind,665.57,DAM
2024-04-02,5,SP15,Wind,466.42,DAM
2024-04-02,6,SP15,Wind,347.85,DAM
2024-04-02,7,SP15,Wind,253.06,DAM
2024-04-02,8,SP15,Wind,182.36,DAM
2024-04-02,9,SP15,Wind,160.02,DAM
2024-04-02,10,SP15,Wind,197.34,DAM
2024-04-02,23,SP15,Wind,1139.95,DAM
2024-04-03,22,SP15,Wind,1589.31987,ACTUAL
2024-04-03,12,SP15,Wind,108.07073,ACTUAL
2024-04-03,11,SP15,Wind,77.58978,ACTUAL
2024-04-03,13,SP15,Wind,202.11526,ACTUAL
2024-04-03,16,SP15,Wind,772.26143,ACTUAL
2024-04-03,15,SP15,Wind,561.68206,ACTUAL
2024-04-03,14,SP15,Wind,353.24731,ACTUAL
2024-04-03,17,SP15,Wind,942.47059,ACTUAL
2024-04-03,18,SP15,Wind,1416.67517,ACTUAL
2024-04-03,19,SP15,Wind,1613.99112,ACTUAL
2024-04-03,21,SP15,Wind,1745.79621,ACTUAL
2024-04-03,20,SP15,Wind,1740.0517,ACTUAL
2024-04-03,23,SP15,Wind,1299.14701,ACTUAL
2024-04-03,1,SP15,Wind,1065.16476,ACTUAL
2024-04-03,3,SP15,Wind,857.65365,ACTUAL
2024-04-03,2,SP15,Wind,983.46228,ACTUAL
2024-04-03,4,SP15,Wind,794.92472,ACTUAL
2024-04-03,5,SP15,Wind,598.23997,ACTUAL
2024-04-03,7,SP15,Wind,196.02249,ACTUAL
2024-04-03,6,SP15,Wind,429.48724,ACTUAL
2024-04-03,9,SP15,Wind,80.02066,ACTUAL
2024-04-03,8,SP15,Wind,107.95512,ACTUAL
2024-04-03,10,SP15,Wind,76.02074,ACTUAL
2024-04-03,24,SP15,Wind,1089.52774,ACTUAL
2024-04-03,23,SP15,Wind,1321.85,DAM
2024-04-03,12,SP15,Wind,111.2,DAM
2024-04-03,24,SP15,Wind,1120.76,DAM
2024-04-03,11,SP15,Wind,62.51,DAM
2024-04-03,14,SP15,Wind,432.66,DAM
2024-04-03,13,SP15,Wind,235.99,DAM
2024-04-03,15,SP15,Wind,676.0,DAM
2024-04-03,17,SP15,Wind,1305.94,DAM
2024-04-03,16,SP15,Wind,991.64,DAM
2024-04-03,18,SP15,Wind,1525.37,DAM
2024-04-03,19,SP15,Wind,1604.47,DAM
2024-04-03,21,SP15,Wind,1587.19,DAM
2024-04-03,20,SP15,Wind,1595.31,DAM
2024-04-03,1,SP15,Wind,1271.92,DAM
2024-04-03,3,SP15,Wind,892.87,DAM
2024-04-03,2,SP15,Wind,1101.4,DAM
2024-04-03,4,SP15,Wind,682.57,DAM
2024-04-03,6,SP15,Wind,312.39,DAM
2024-04-03,5,SP15,Wind,485.78,DAM
2024-04-03,8,SP15,Wind,121.67,DAM
2024-04-03,7,SP15,Wind,189.38,DAM
2024-04-03,9,SP15,Wind,81.33,DAM
2024-04-03,10,SP15,Wind,57.26,DAM
2024-04-03,22,SP15,Wind,1507.08,DAM
2024-04-04,22,SP15,Wind,1337.283,ACTUAL
2024-04-04,24,SP15,Wind,1102.85667,ACTUAL
2024-04-04,23,SP15,Wind,1138.97112,ACTUAL
2024-04-04,12,SP15,Wind,1279.20884,ACTUAL
2024-04-04,13,SP15,Wind,1318.91006,ACTUAL
2024-04-04,15,SP15,Wind,2127.8465,ACTUAL
2024-04-04,14,SP15,Wind,1776.76332,ACTUAL
2024-04-04,16,SP15,Wind,2201.92666,ACTUAL
2024-04-04,17,SP15,Wind,2004.20117,ACTUAL
2024-04-04,19,SP15,Wind,1722.69479,ACTUAL
2024-04-04,18,SP15,Wind,2028.13625,ACTUAL
2024-04-04,20,SP15,Wind,1374.1771,ACTUAL
2024-04-04,21,SP15,Wind,1328.08158,ACTUAL
2024-04-04,1,SP15,Wind,905.126,ACTUAL
2024-04-04,2,SP15,Wind,1116.32055,ACTUAL
2024-04-04,3,SP15,Wind,1256.09478,ACTUAL
2024-04-04,4,SP15,Wind,1250.65528,ACTUAL
2024-04-04,6,SP15,Wind,1467.90575,ACTUAL
2024-04-04,5,SP15,Wind,1383.53963,ACTUAL
2024-04-04,7,SP15,Wind,1057.12544,ACTUAL
2024-04-04,8,SP15,Wind,1081.25118,ACTUAL
2024-04-04,10,SP15,Wind,1039.68761,ACTUAL
2024-04-04,9,SP15,Wind,675.69262,ACTUAL
2024-04-04,11,SP15,Wind,1081.4559,ACTUAL
2024-04-04,22,SP15,Wind,1885.41,DAM
2024-04-04,10,SP15,Wind,1441.13,DAM
2024-04-04,23,SP15,Wind,1662.71,DAM
2024-04-04,12,SP15,Wind,1962.29,DAM
2024-04-04,13,SP15,Wind,2214.83,DAM
2024-04-04,15,SP15,Wind,2530.68,DAM
2024-04-04,14,SP15,Wind,2425.81,DAM
2024-04-04,16,SP15,Wind,2599.41,DAM
2024-04-04,17,SP15,Wind,2649.99,DAM
2024-04-04,18,SP15,Wind,2581.39,DAM
2024-04-04,20,SP15,Wind,2329.1,DAM
2024-04-04,19,SP15,Wind,2455.54,DAM
2024-04-04,21,SP15,Wind,2140.75,DAM
2024-04-04,2,SP15,Wind,1089.84,DAM
2024-04-04,1,SP15,Wind,1037.07,DAM
2024-04-04,3,SP15,Wind,1186.56,DAM
2024-04-04,4,SP15,Wind,1315.93,DAM
2024-04-04,6,SP15,Wind,1431.27,DAM
2024-04-04,5,SP15,Wind,1451.34,DAM
2024-04-04,7,SP15,Wind,1249.99,DAM
2024-04-04,8,SP15,Wind,1151.2,DAM
2024-04-04,9,SP15,Wind,1242.47,DAM
2024-04-04,11,SP15,Wind,1699.99,DAM
2024-04-04,24,SP15,Wind,1513.08,DAM
2024-04-05,13,SP15,Wind,2199.97261,ACTUAL
2024-04-05,12,SP15,Wind,2120.3907,ACTUAL
2024-04-05,14,SP15,Wind,2331.94152,ACTUAL
2024-04-05,15,SP15,Wind,2190.69166,ACTUAL
2024-04-05,16,SP15,Wind,2253.92694,ACTUAL
2024-04-05,1,SP15,Wind,1163.77258,ACTUAL
2024-04-05,2,SP15,Wind,1191.27955,ACTUAL
2024-04-05,3,SP15,Wind,1279.25204,ACTUAL
2024-04-05,5,SP15,Wind,1222.43105,ACTUAL
2024-04-05,4,SP15,Wind,1247.66956,ACTUAL
2024-04-05,6,SP15,Wind,1337.3297,ACTUAL
2024-04-05,7,SP15,Wind,1362.62843,ACTUAL
2024-04-05,9,SP15,Wind,1421.01982,ACTUAL
2024-04-05,8,SP15,Wind,1490.19619,ACTUAL
2024-04-05,10,SP15,Wind,1629.93188,ACTUAL
2024-04-05,11,SP15,Wind,1771.13465,ACTUAL
2024-04-05,23,SP15,Wind,3074.31,DAM
2024-04-05,11,SP15,Wind,2177.66,DAM
2024-04-05,17,SP15,Wind,2729.75,DAM
2024-04-05,12,SP15,Wind,2324.26,DAM
2024-04-05,14,SP15,Wind,2466.35,DAM
2024-04-05,13,SP15,Wind,2424.14,DAM
2024-04-05,15,SP15,Wind,2528.41,DAM
2024-04-05,16,SP15,Wind,2626.71,DAM
2024-04-05,18,SP15,Wind,2830.39,DAM
2024-04-05,19,SP15,Wind,2840.67,DAM
2024-04-05,20,SP15,Wind,2818.05,DAM
2024-04-05,21,SP15,Wind,2864.81,DAM
2024-04-05,22,SP15,Wind,2958.71,DAM
2024-04-05,1,SP15,Wind,1342.78,DAM
2024-04-05,2,SP15,Wind,1271.69,DAM
2024-04-05,3,SP15,Wind,1247.54,DAM
2024-04-05,5,SP15,Wind,1271.93,DAM
2024-04-05,4,SP15,Wind,1248.6,DAM
2024-04-05,6,SP15,Wind,1335.01,DAM
2024-04-05,7,SP15,Wind,1427.76,DAM
2024-04-05,9,SP15,Wind,1735.12,DAM
2024-04-05,8,SP15,Wind,1544.14,DAM
2024-04-05,10,SP15,Wind,1978.28,DAM
2024-04-05,24,SP15,Wind,3175.24,DAM
